{
  "PG(002)": 3.354,
  "PG(004)": 1.677,
  "PG(110)": 1.2305,
  
  "Si(111)": 3.13501,
  "Si(311)": 1.637207,

  "Cu(111)": 2.08423,
  "Cu(200)": 1.805,
  "Cu(220)": 1.27633,

  "Be(002)": 1.79160,
  "Cu2MnAl(111)": 3.437,
  "Co0.92Fe0.08(200)": 1.771
}